_id,Gaia_EDR3___id,AllWISE___id,PS1_DR1___id,ra,dec,period,field,ccd,quad,filter,sin_dnn,rscvn_dnn,emsms_dnn,ea_dnn,rrlyr_dnn,el_dnn,saw_dnn,bogus_dnn,wuma_dnn,e_dnn,yso_dnn,ceph_dnn,cv_dnn,srv_dnn,fla_dnn,blyr_dnn,wp_dnn,eb_dnn,blher_dnn,hp_dnn,ext_dnn,dip_dnn,rrab_dnn,vnv_dnn,pnp_dnn,wvir_dnn,dp_dnn,bright_dnn,ceph2_dnn,dscu_dnn,bis_dnn,osarg_dnn,rrblz_dnn,i_dnn,puls_dnn,mp_dnn,rrc_dnn,mir_dnn,agn_dnn,longt_dnn,blend_dnn,ew_dnn,lpv_dnn,rrd_dnn,rrd_xgb,wvir_xgb,dp_xgb,blher_xgb,lpv_xgb,agn_xgb,dscu_xgb,puls_xgb,rrc_xgb,mir_xgb,e_xgb,rscvn_xgb,rrlyr_xgb,bis_xgb,emsms_xgb,mp_xgb,ew_xgb,bogus_xgb,ea_xgb,vnv_xgb,pnp_xgb,longt_xgb,dip_xgb,cv_xgb,blend_xgb,ext_xgb,wuma_xgb,srv_xgb,fla_xgb,bright_xgb,el_xgb,ceph_xgb,eb_xgb,wp_xgb,hp_xgb,i_xgb,blyr_xgb,yso_xgb,saw_xgb,ceph2_xgb,rrab_xgb,sin_xgb,osarg_xgb,rrblz_xgb
10296582009946,0,140015201351056624,90610143756592496,14.375673299999988,-14.4896686,5.751998771499175,296,15,3,2,0.0,0.0,0.0,0.0,0.0,0.0,0.0,0.05,0.0,0.0,0.0,0.0,0.0,0.0,0.0,0.0,0.0,0.0,0.0,0.0,0.0,0.0,0.0,0.03,0.01,0.0,0.0,0.0,0.0,0.0,0.0,0.0,0.0,0.0,0.0,0.0,0.0,0.0,0.0,0.0,0.01,0.0,0.0,0.0,0.0,0.0,0.03,0.08,0.0,0.02,0.0,0.0,0.0,0.0,0.01,0.0,0.0,0.0,0.0,0.0,0.0,0.01,0.02,0.1,0.03,0.0,0.0,0.0,0.29,0.0,0.0,0.0,0.07,0.0,0.0,0.0,0.0,0.23,0.0,0.0,0.0,0.0,0.0,0.23,0.0,0.0,0.0,0.33
10296531000371,2468292420539961088,170013701351041248,91920166559039984,16.6555788,-13.3924335,0.2536717465673753,296,14,2,1,0.02,0.02,0.0,0.0,0.47,0.0,0.01,0.01,0.33,0.44,0.0,0.0,0.0,0.0,0.0,0.0,0.02,0.0,0.0,0.0,0.0,0.0,0.01,0.98,0.91,0.0,0.0,0.0,0.0,0.02,0.5,0.0,0.0,0.0,0.68,0.0,0.02,0.0,0.0,0.0,0.0,0.4,0.0,0.32,0.4,0.0,0.03,0.08,0.0,0.0,0.0,0.95,0.29,0.0,0.83,0.0,0.84,0.02,0.0,0.01,0.84,0.0,0.02,0.99,0.94,0.0,0.0,0.0,0.29,0.0,0.03,0.0,0.07,0.0,0.0,0.0,0.0,0.22,0.0,0.0,0.0,0.0,0.0,0.23,0.0,0.01,0.0,0.33
10296332007046,2358756082883576832,188016701351063040,88900182352849744,18.235298900000004,-15.9088332,0.0259499596645951,296,9,2,2,0.01,0.0,0.0,0.0,0.0,0.0,0.0,0.01,0.0,0.01,0.0,0.0,0.0,0.0,0.0,0.0,0.0,0.0,0.0,0.0,0.0,0.0,0.0,0.04,0.07,0.0,0.0,0.0,0.0,0.0,0.0,0.0,0.0,0.0,0.0,0.0,0.0,0.0,0.0,0.0,0.0,0.0,0.0,0.0,0.0,0.0,0.03,0.08,0.0,0.0,0.0,0.0,0.0,0.0,0.0,0.0,0.0,0.0,0.0,0.0,0.0,0.0,0.02,0.01,0.02,0.0,0.0,0.0,0.29,0.0,0.0,0.0,0.07,0.0,0.0,0.0,0.0,0.22,0.0,0.0,0.0,0.0,0.0,0.23,0.0,0.0,0.0,0.33
10296352004611,0,0,88150190046276512,19.00463769999999,-16.5365094,0.0332787820958395,296,9,4,2,0.0,0.0,0.0,0.0,0.0,0.0,0.0,0.0,0.0,0.44,0.0,0.0,0.0,0.0,0.0,0.0,0.0,0.0,0.0,0.0,0.0,0.0,0.01,0.04,0.21,0.0,0.0,0.0,0.0,0.01,0.0,0.0,0.0,0.0,0.03,0.0,0.0,0.0,0.0,0.0,0.0,0.0,0.0,0.0,0.0,0.0,0.03,0.08,0.0,0.0,0.0,0.0,0.0,0.0,0.03,0.0,0.0,0.0,0.0,0.0,0.01,0.01,0.03,0.03,0.01,0.0,0.0,0.0,0.29,0.0,0.0,0.0,0.07,0.0,0.0,0.0,0.0,0.23,0.01,0.01,0.0,0.0,0.0,0.23,0.0,0.0,0.0,0.33
10296193002860,2355129515577873280,190018201351021696,85910189467390912,18.9468416,-18.4078386,0.0257615886418949,296,5,4,3,0.0,0.0,0.0,0.0,0.0,0.0,0.0,0.0,0.0,0.96,0.0,0.0,0.0,0.0,0.0,0.0,0.0,0.0,0.0,0.0,0.0,0.0,0.0,0.54,0.97,0.0,0.0,0.0,0.0,0.0,0.0,0.0,0.0,0.0,0.0,0.0,0.0,0.0,0.0,0.0,0.0,0.0,0.0,0.0,0.0,0.0,0.03,0.08,0.0,0.0,0.0,0.0,0.0,0.0,0.17,0.0,0.0,0.0,0.0,0.0,0.0,0.0,0.02,0.39,0.33,0.0,0.0,0.0,0.29,0.0,0.0,0.0,0.07,0.0,0.0,0.0,0.0,0.22,0.0,0.0,0.0,0.0,0.0,0.23,0.0,0.0,0.0,0.33
10296091007068,2356695112760837504,0,84600139157153056,13.915701100000009,-19.4976618,0.0383490477766794,296,3,2,1,0.03,0.0,0.0,0.0,0.0,0.0,0.0,0.01,0.0,0.05,0.0,0.0,0.0,0.0,0.0,0.0,0.01,0.0,0.0,0.0,0.0,0.0,0.0,0.32,0.38,0.0,0.0,0.0,0.0,0.83,0.01,0.0,0.0,0.01,0.52,0.0,0.0,0.0,0.01,0.01,0.0,0.01,0.0,0.0,0.0,0.0,0.03,0.08,0.0,0.01,0.1,0.01,0.0,0.0,0.61,0.0,0.0,0.0,0.0,0.0,0.0,0.01,0.02,0.83,0.78,0.0,0.0,0.0,0.29,0.0,0.0,0.0,0.07,0.0,0.0,0.0,0.0,0.22,0.0,0.0,0.0,0.0,0.0,0.23,0.0,0.0,0.0,0.33
10296571005780,2372995716240312704,139013701351027520,91700146422718912,14.642301500000002,-13.5761723,0.1013407237936923,296,15,2,1,0.0,0.0,0.0,0.0,0.06,0.0,0.02,0.0,0.0,0.04,0.0,0.0,0.0,0.0,0.0,0.0,0.01,0.01,0.0,0.01,0.0,0.0,0.05,0.95,0.51,0.0,0.01,0.0,0.0,0.0,0.0,0.0,0.0,0.0,0.0,0.0,0.0,0.0,0.0,0.0,0.0,0.0,0.0,0.0,0.0,0.0,0.03,0.1,0.0,0.0,0.0,0.0,0.0,0.0,0.06,0.0,0.01,0.01,0.0,0.0,0.06,0.02,0.03,0.58,0.39,0.0,0.0,0.0,0.29,0.0,0.07,0.0,0.09,0.0,0.0,0.0,0.0,0.23,0.01,0.01,0.0,0.0,0.01,0.24,0.01,0.0,0.0,0.33
10296552003108,2371895689216222720,172015201351059680,90600168164726688,16.816488399999997,-14.4947124,0.0409520384244449,296,14,4,2,0.0,0.0,0.0,0.0,0.0,0.0,0.0,0.01,0.0,0.0,0.0,0.0,0.0,0.0,0.0,0.0,0.0,0.0,0.0,0.0,0.0,0.0,0.0,0.01,0.01,0.0,0.0,0.0,0.0,0.0,0.0,0.0,0.0,0.0,0.0,0.0,0.0,0.0,0.0,0.0,0.0,0.0,0.0,0.0,0.0,0.0,0.03,0.08,0.0,0.0,0.0,0.0,0.0,0.0,0.0,0.0,0.0,0.0,0.0,0.0,0.0,0.01,0.02,0.02,0.01,0.0,0.0,0.0,0.29,0.0,0.0,0.0,0.07,0.0,0.0,0.0,0.0,0.22,0.0,0.0,0.0,0.0,0.0,0.23,0.0,0.0,0.0,0.33
10296461003165,2369950588723216640,125016701351035296,88120123029435696,12.302957100000016,-16.5622401,0.0762980440019125,296,12,3,1,0.01,0.01,0.0,0.0,0.0,0.0,0.0,0.01,0.03,0.02,0.0,0.0,0.0,0.0,0.0,0.0,0.0,0.0,0.0,0.0,0.0,0.0,0.0,0.1,0.07,0.0,0.0,0.0,0.0,0.0,0.04,0.0,0.0,0.0,0.0,0.0,0.0,0.0,0.0,0.03,0.0,0.02,0.0,0.0,0.0,0.0,0.03,0.08,0.0,0.0,0.0,0.0,0.0,0.0,0.05,0.0,0.0,0.02,0.0,0.0,0.03,0.0,0.02,0.14,0.09,0.0,0.0,0.0,0.29,0.0,0.01,0.0,0.07,0.0,0.0,0.0,0.0,0.22,0.0,0.0,0.0,0.0,0.0,0.23,0.0,0.0,0.0,0.33
10296582004799,0,140015201351051408,90370148088523264,14.808943499999998,-14.6891673,0.0733589891085924,296,15,3,2,0.0,0.0,0.0,0.0,0.01,0.0,0.0,0.0,0.0,0.22,0.0,0.0,0.0,0.0,0.0,0.0,0.0,0.0,0.0,0.0,0.0,0.0,0.01,0.03,0.05,0.0,0.0,0.0,0.0,0.0,0.0,0.0,0.0,0.0,0.0,0.0,0.0,0.0,0.0,0.0,0.0,0.0,0.0,0.0,0.0,0.0,0.03,0.08,0.0,0.0,0.0,0.0,0.0,0.0,0.05,0.0,0.0,0.0,0.0,0.0,0.0,0.0,0.02,0.03,0.03,0.0,0.0,0.0,0.29,0.0,0.0,0.0,0.07,0.0,0.0,0.0,0.0,0.22,0.0,0.0,0.0,0.0,0.0,0.23,0.0,0.0,0.0,0.33
10296411008757,2371283742275786880,0,88970140640581072,14.06403610000001,-15.8577551,0.0214372573707494,296,11,2,1,0.0,0.0,0.0,0.0,0.0,0.0,0.0,0.0,0.0,0.17,0.0,0.0,0.0,0.0,0.0,0.0,0.0,0.0,0.0,0.0,0.0,0.0,0.0,0.16,0.04,0.0,0.0,0.0,0.0,0.0,0.0,0.0,0.0,0.0,0.0,0.0,0.0,0.0,0.01,0.0,0.0,0.0,0.0,0.0,0.0,0.0,0.03,0.08,0.0,0.0,0.0,0.0,0.0,0.0,0.01,0.0,0.0,0.0,0.0,0.0,0.0,0.01,0.02,0.01,0.01,0.0,0.0,0.0,0.29,0.0,0.0,0.0,0.07,0.0,0.0,0.0,0.0,0.22,0.0,0.0,0.0,0.0,0.0,0.23,0.0,0.0,0.0,0.33
10296142002783,2356582142236496512,128019701351008080,83720124347913408,12.434747700000004,-20.2308678,0.035562115991863,296,4,3,2,0.0,0.0,0.0,0.0,0.0,0.0,0.0,0.03,0.01,0.02,0.01,0.0,0.0,0.0,0.0,0.0,0.0,0.0,0.0,0.0,0.0,0.0,0.0,0.09,0.05,0.0,0.0,0.0,0.0,0.0,0.02,0.0,0.0,0.0,0.0,0.0,0.0,0.0,0.0,0.0,0.03,0.01,0.0,0.0,0.0,0.0,0.03,0.08,0.0,0.0,0.0,0.0,0.0,0.0,0.07,0.0,0.0,0.0,0.0,0.0,0.0,0.01,0.04,0.1,0.02,0.0,0.0,0.0,0.29,0.0,0.0,0.0,0.07,0.0,0.0,0.0,0.0,0.22,0.0,0.0,0.0,0.0,0.0,0.23,0.0,0.0,0.0,0.33
10296342010643,2358700244012725888,0,88310180629049760,18.0628701,-16.400504,0.0502088980418121,296,9,3,2,0.0,0.0,0.0,0.0,0.0,0.0,0.0,0.01,0.0,0.04,0.0,0.0,0.0,0.0,0.0,0.0,0.0,0.0,0.0,0.0,0.0,0.0,0.01,0.02,0.03,0.0,0.0,0.0,0.0,0.0,0.0,0.0,0.0,0.0,0.0,0.0,0.0,0.0,0.01,0.0,0.0,0.0,0.0,0.0,0.0,0.0,0.03,0.08,0.0,0.0,0.0,0.0,0.0,0.0,0.03,0.0,0.0,0.0,0.0,0.0,0.01,0.01,0.03,0.15,0.05,0.0,0.0,0.0,0.29,0.0,0.0,0.0,0.07,0.0,0.0,0.0,0.0,0.23,0.0,0.01,0.0,0.0,0.0,0.23,0.0,0.0,0.0,0.33
10296472037998,0,141016701351042272,88500136036181360,13.603585699999996,-16.2492778,0.0230545358648276,296,12,4,2,0.0,0.0,0.0,0.0,0.01,0.0,0.0,0.0,0.0,0.21,0.0,0.0,0.0,0.0,0.01,0.0,0.0,0.0,0.0,0.0,0.0,0.0,0.01,0.05,0.04,0.0,0.0,0.0,0.0,0.01,0.0,0.0,0.0,0.0,0.01,0.0,0.0,0.0,0.0,0.0,0.0,0.0,0.0,0.0,0.0,0.0,0.03,0.08,0.0,0.0,0.0,0.0,0.0,0.0,0.01,0.0,0.0,0.0,0.0,0.0,0.0,0.01,0.03,0.11,0.06,0.0,0.0,0.0,0.29,0.0,0.0,0.0,0.07,0.0,0.0,0.0,0.0,0.23,0.01,0.01,0.0,0.0,0.0,0.23,0.0,0.0,0.0,0.33
10296162003570,2355328561542159360,190018201351054848,87000195346770672,19.5347438,-17.4997189,0.0744295334669023,296,5,1,2,0.02,0.01,0.0,0.0,0.0,0.0,0.0,0.01,0.01,0.01,0.01,0.0,0.0,0.0,0.0,0.0,0.0,0.0,0.0,0.0,0.0,0.0,0.0,0.31,0.18,0.0,0.0,0.0,0.0,0.0,0.01,0.0,0.0,0.0,0.0,0.0,0.0,0.0,0.0,0.02,0.0,0.02,0.0,0.0,0.0,0.0,0.03,0.08,0.0,0.0,0.0,0.0,0.0,0.0,0.02,0.0,0.0,0.0,0.0,0.0,0.01,0.01,0.02,0.55,0.42,0.01,0.0,0.0,0.29,0.0,0.0,0.0,0.07,0.0,0.0,0.0,0.0,0.22,0.0,0.0,0.0,0.0,0.0,0.23,0.0,0.0,0.0,0.33
10296531001476,2468263867597333376,170013701351036064,91650164033288160,16.403364699999997,-13.6185196,0.0959508665612682,296,14,2,1,0.0,0.0,0.0,0.0,0.01,0.0,0.0,0.01,0.02,0.01,0.0,0.0,0.0,0.0,0.0,0.0,0.0,0.0,0.0,0.0,0.0,0.0,0.0,0.04,0.03,0.0,0.0,0.0,0.0,0.0,0.03,0.0,0.0,0.0,0.01,0.0,0.0,0.0,0.0,0.01,0.0,0.01,0.0,0.0,0.0,0.0,0.03,0.08,0.0,0.0,0.0,0.0,0.0,0.0,0.02,0.0,0.0,0.01,0.0,0.0,0.01,0.0,0.02,0.04,0.02,0.0,0.0,0.0,0.29,0.0,0.0,0.0,0.07,0.0,0.0,0.0,0.0,0.22,0.0,0.0,0.0,0.0,0.0,0.23,0.0,0.0,0.0,0.33
10296601001607,2373134602598480128,124013701351026784,91650131094724176,13.109597500000008,-13.6218227,0.0232571156821273,296,16,1,1,0.01,0.02,0.01,0.0,0.0,0.0,0.0,0.01,0.07,0.02,0.0,0.0,0.0,0.0,0.0,0.0,0.0,0.0,0.0,0.0,0.0,0.0,0.0,0.24,0.14,0.0,0.0,0.0,0.0,0.0,0.06,0.0,0.0,0.0,0.0,0.0,0.0,0.0,0.0,0.03,0.01,0.02,0.0,0.0,0.0,0.0,0.03,0.08,0.0,0.0,0.0,0.0,0.0,0.0,0.03,0.03,0.0,0.0,0.0,0.0,0.02,0.01,0.03,0.23,0.14,0.01,0.0,0.0,0.29,0.0,0.0,0.0,0.07,0.0,0.0,0.0,0.0,0.22,0.0,0.01,0.0,0.01,0.0,0.23,0.0,0.02,0.0,0.33
10296481010200,2456061895573175040,186013701351029632,91450187494057664,18.74940860000001,-13.785649,0.0296200038619946,296,13,1,1,0.0,0.0,0.0,0.0,0.0,0.0,0.0,0.0,0.0,0.91,0.0,0.0,0.0,0.0,0.0,0.0,0.0,0.0,0.0,0.0,0.0,0.0,0.03,0.69,0.98,0.0,0.0,0.0,0.0,0.0,0.0,0.0,0.0,0.0,0.0,0.0,0.0,0.0,0.0,0.0,0.0,0.0,0.0,0.0,0.0,0.0,0.03,0.08,0.0,0.0,0.06,0.0,0.0,0.0,0.05,0.0,0.0,0.01,0.0,0.0,0.06,0.01,0.02,0.06,0.03,0.0,0.0,0.0,0.29,0.0,0.0,0.0,0.07,0.01,0.0,0.0,0.0,0.22,0.0,0.0,0.0,0.0,0.0,0.23,0.0,0.0,0.0,0.33
10296373000915,0,156015201351020928,89540159446077200,15.944400699999989,-15.3774353,0.0214341275745666,296,10,2,3,0.0,0.0,0.0,0.0,0.04,0.0,0.0,0.0,0.0,0.96,0.0,0.0,0.0,0.0,0.0,0.0,0.0,0.0,0.0,0.0,0.0,0.0,0.01,0.99,1.0,0.0,0.0,0.0,0.0,0.14,0.0,0.0,0.0,0.0,0.17,0.0,0.0,0.0,0.0,0.0,0.01,0.0,0.0,0.0,0.0,0.0,0.03,0.08,0.0,0.1,0.0,0.0,0.0,0.0,0.9,0.0,0.0,0.0,0.0,0.0,0.0,0.0,0.02,0.98,0.99,0.0,0.0,0.0,0.29,0.0,0.0,0.0,0.07,0.0,0.0,0.0,0.0,0.23,0.0,0.0,0.0,0.0,0.0,0.23,0.0,0.0,0.0,0.33
10296192000927,2355209230170450688,0,86280190390855872,19.03916620000001,-18.0954421,0.1986495113615944,296,5,4,2,0.0,0.0,0.0,0.0,0.0,0.0,0.0,0.0,0.0,0.29,0.0,0.0,0.0,0.0,0.0,0.0,0.0,0.0,0.0,0.0,0.0,0.0,0.02,0.07,0.09,0.0,0.0,0.0,0.0,0.0,0.0,0.0,0.0,0.0,0.0,0.0,0.0,0.0,0.0,0.0,0.0,0.0,0.0,0.0,0.0,0.0,0.03,0.08,0.0,0.0,0.0,0.0,0.0,0.0,0.06,0.0,0.0,0.0,0.0,0.0,0.0,0.0,0.03,0.01,0.02,0.0,0.0,0.0,0.29,0.0,0.0,0.0,0.07,0.0,0.0,0.0,0.0,0.22,0.0,0.0,0.0,0.0,0.0,0.23,0.0,0.0,0.0,0.33
10296202004727,2357914372372578304,174018201351057216,86780176415926800,17.641630700000007,-17.6779679,0.0282396121274465,296,6,1,2,0.0,0.0,0.0,0.0,0.0,0.0,0.0,0.02,0.0,0.01,0.0,0.0,0.0,0.0,0.0,0.0,0.0,0.0,0.0,0.0,0.0,0.0,0.0,0.07,0.08,0.0,0.0,0.0,0.0,0.0,0.0,0.0,0.0,0.0,0.0,0.0,0.0,0.0,0.0,0.0,0.0,0.0,0.0,0.0,0.0,0.0,0.03,0.08,0.0,0.0,0.0,0.0,0.0,0.0,0.0,0.0,0.0,0.01,0.0,0.0,0.0,0.01,0.02,0.07,0.02,0.0,0.0,0.0,0.29,0.0,0.0,0.0,0.07,0.0,0.0,0.0,0.0,0.22,0.0,0.0,0.0,0.0,0.0,0.23,0.0,0.0,0.0,0.33
10296141000423,2356595886131849600,128019701351017008,84000124348327648,12.434837700000005,-19.9938662,0.0423282933634426,296,4,3,1,0.04,0.0,0.0,0.0,0.02,0.0,0.0,0.02,0.0,0.04,0.0,0.0,0.0,0.0,0.0,0.0,0.0,0.0,0.0,0.0,0.0,0.0,0.0,0.46,0.6,0.0,0.0,0.0,0.0,0.67,0.02,0.0,0.0,0.01,0.81,0.0,0.01,0.0,0.0,0.01,0.01,0.02,0.0,0.0,0.0,0.0,0.03,0.08,0.0,0.0,0.94,0.86,0.0,0.0,0.15,0.0,0.0,0.0,0.0,0.0,0.02,0.03,0.03,0.45,0.6,0.02,0.0,0.0,0.29,0.0,0.0,0.0,0.07,0.0,0.0,0.0,0.0,0.23,0.0,0.0,0.0,0.0,0.0,0.23,0.0,0.01,0.0,0.33
10296442005407,2371480383058630016,0,89050135543015920,13.554324100000002,-15.7869981,0.0251530736902231,296,12,1,2,0.0,0.0,0.0,0.0,0.01,0.0,0.0,0.0,0.0,0.03,0.0,0.0,0.0,0.0,0.0,0.0,0.0,0.0,0.0,0.0,0.0,0.0,0.0,0.11,0.34,0.0,0.0,0.0,0.0,0.0,0.0,0.0,0.0,0.01,0.01,0.0,0.0,0.0,0.0,0.01,0.0,0.01,0.0,0.0,0.0,0.0,0.03,0.08,0.0,0.0,0.0,0.0,0.0,0.0,0.02,0.0,0.0,0.0,0.0,0.0,0.0,0.0,0.02,0.1,0.15,0.0,0.0,0.0,0.29,0.0,0.0,0.0,0.07,0.0,0.0,0.0,0.0,0.22,0.0,0.0,0.0,0.0,0.0,0.23,0.0,0.0,0.0,0.33
10296361018235,2359445648473046016,172016701351060704,88860169830034304,16.9829905,-15.946661,0.0223696711870376,296,10,1,1,0.01,0.0,0.0,0.0,0.0,0.0,0.0,0.24,0.01,0.05,0.0,0.0,0.0,0.0,0.0,0.0,0.11,0.0,0.0,0.0,0.01,0.0,0.0,0.13,0.17,0.0,0.0,0.0,0.0,0.0,0.01,0.0,0.0,0.02,0.0,0.0,0.0,0.0,0.0,0.0,0.01,0.01,0.0,0.0,0.0,0.0,0.03,0.08,0.0,0.0,0.0,0.0,0.0,0.0,0.09,0.0,0.0,0.01,0.0,0.0,0.02,0.08,0.03,0.28,0.21,0.0,0.0,0.0,0.29,0.0,0.0,0.0,0.07,0.0,0.0,0.0,0.0,0.23,0.0,0.0,0.0,0.0,0.0,0.23,0.0,0.01,0.0,0.33
10296571013530,2372119753366397056,139013701351000112,91040145646328720,14.564616199999987,-14.12634,0.0532953207588525,296,15,2,1,0.01,0.0,0.0,0.0,0.01,0.0,0.0,0.0,0.0,0.68,0.0,0.0,0.0,0.0,0.0,0.0,0.0,0.0,0.0,0.0,0.0,0.0,0.01,0.63,0.42,0.0,0.0,0.0,0.0,0.0,0.0,0.0,0.0,0.01,0.0,0.0,0.0,0.0,0.06,0.0,0.0,0.01,0.0,0.0,0.0,0.0,0.03,0.08,0.0,0.0,0.0,0.0,0.0,0.0,0.13,0.0,0.0,0.01,0.0,0.0,0.01,0.0,0.02,0.12,0.15,0.0,0.0,0.0,0.29,0.0,0.35,0.0,0.07,0.0,0.0,0.0,0.0,0.22,0.0,0.0,0.0,0.0,0.0,0.23,0.0,0.0,0.0,0.33
10296143005874,2350508336925596928,129021301351063392,83210125330488912,12.53307190000001,-20.6512067,0.0474969402616989,296,4,3,3,0.0,0.0,0.0,0.0,0.0,0.0,0.0,0.0,0.0,0.67,0.0,0.0,0.0,0.0,0.0,0.0,0.0,0.0,0.0,0.0,0.0,0.0,0.0,0.94,0.97,0.0,0.0,0.0,0.0,0.0,0.0,0.0,0.0,0.0,0.04,0.0,0.0,0.0,0.0,0.29,0.0,0.01,0.0,0.0,0.0,0.0,0.03,0.08,0.0,0.0,0.0,0.02,0.0,0.0,0.28,0.02,0.01,0.03,0.0,0.0,0.0,0.01,0.02,0.86,0.96,0.14,0.0,0.0,0.29,0.0,0.01,0.0,0.07,0.0,0.0,0.0,0.0,0.22,0.0,0.0,0.0,0.0,0.0,0.23,0.0,0.01,0.0,0.33
10296322001707,2454862813719437824,187015201351020096,89520191426440448,19.142666599999984,-15.3999166,0.0568621106393517,296,9,1,2,0.0,0.01,0.0,0.0,0.0,0.0,0.0,0.0,0.02,0.02,0.0,0.0,0.0,0.0,0.0,0.0,0.0,0.0,0.0,0.0,0.0,0.0,0.0,0.11,0.04,0.0,0.0,0.0,0.0,0.0,0.02,0.0,0.0,0.0,0.0,0.0,0.0,0.0,0.0,0.03,0.0,0.02,0.0,0.0,0.0,0.0,0.03,0.08,0.0,0.0,0.0,0.0,0.0,0.0,0.01,0.0,0.0,0.0,0.0,0.0,0.0,0.0,0.02,0.03,0.02,0.0,0.0,0.0,0.29,0.0,0.0,0.0,0.07,0.0,0.0,0.0,0.0,0.22,0.0,0.0,0.0,0.0,0.0,0.23,0.0,0.0,0.0,0.33
10296502008954,2455700194903226368,187015201351037152,90120182422542640,18.2422766,-14.8981079,0.1923612987287132,296,13,3,2,0.0,0.0,0.0,0.0,0.01,0.0,0.0,0.01,0.0,0.01,0.0,0.0,0.0,0.0,0.0,0.0,0.0,0.0,0.0,0.0,0.0,0.0,0.0,0.03,0.04,0.0,0.0,0.0,0.0,0.0,0.0,0.0,0.0,0.0,0.02,0.0,0.0,0.0,0.0,0.01,0.01,0.01,0.0,0.0,0.0,0.0,0.03,0.08,0.0,0.0,0.0,0.01,0.0,0.0,0.01,0.0,0.01,0.0,0.0,0.0,0.01,0.01,0.02,0.03,0.01,0.0,0.0,0.0,0.29,0.0,0.0,0.0,0.07,0.0,0.0,0.0,0.0,0.22,0.0,0.0,0.0,0.0,0.0,0.23,0.0,0.0,0.0,0.33
10296391001048,2359372702748164864,172016701351044832,88430173523272928,17.35245119999999,-16.3061811,0.0964383573366406,296,10,4,1,0.01,0.01,0.0,0.0,0.0,0.0,0.0,0.01,0.03,0.02,0.0,0.0,0.0,0.0,0.0,0.0,0.0,0.0,0.0,0.0,0.0,0.0,0.0,0.23,0.09,0.0,0.0,0.0,0.0,0.0,0.02,0.0,0.0,0.0,0.0,0.0,0.0,0.0,0.0,0.01,0.0,0.01,0.0,0.0,0.0,0.0,0.03,0.08,0.0,0.0,0.0,0.0,0.0,0.0,0.05,0.0,0.0,0.0,0.0,0.0,0.01,0.02,0.02,0.58,0.37,0.01,0.0,0.0,0.29,0.0,0.0,0.0,0.07,0.0,0.0,0.0,0.0,0.23,0.0,0.0,0.0,0.03,0.0,0.23,0.0,0.0,0.0,0.33
10296072001227,0,176019701351014080,83890168896304448,16.8897566,-20.0881833,0.0299022255594599,296,2,4,2,0.0,0.0,0.0,0.0,0.0,0.0,0.0,0.01,0.0,0.09,0.0,0.0,0.0,0.0,0.0,0.0,0.01,0.0,0.0,0.0,0.0,0.0,0.02,0.12,0.19,0.0,0.0,0.0,0.0,0.0,0.0,0.0,0.0,0.0,0.0,0.0,0.0,0.0,0.0,0.0,0.0,0.0,0.0,0.0,0.0,0.0,0.03,0.08,0.0,0.0,0.0,0.0,0.0,0.0,0.04,0.0,0.0,0.0,0.0,0.0,0.01,0.0,0.03,0.06,0.06,0.0,0.0,0.0,0.29,0.0,0.0,0.0,0.07,0.0,0.0,0.0,0.0,0.23,0.0,0.0,0.0,0.0,0.0,0.23,0.0,0.0,0.0,0.33
10296553012223,2359860709816732160,172015201351043712,90150170562789168,17.0562314,-14.867686,0.0282969616178965,296,14,4,3,0.0,0.0,0.0,0.0,0.0,0.0,0.0,0.0,0.0,0.95,0.0,0.0,0.0,0.0,0.0,0.0,0.0,0.0,0.0,0.0,0.0,0.0,0.0,0.99,1.0,0.0,0.0,0.0,0.0,0.0,0.0,0.0,0.0,0.0,0.02,0.0,0.0,0.0,0.0,0.02,0.01,0.0,0.0,0.0,0.0,0.0,0.03,0.08,0.0,0.0,0.0,0.0,0.0,0.0,0.76,0.01,0.0,0.01,0.0,0.0,0.0,0.0,0.03,0.94,0.88,0.09,0.0,0.0,0.29,0.0,0.0,0.0,0.07,0.0,0.0,0.0,0.0,0.22,0.0,0.0,0.0,0.0,0.0,0.23,0.0,0.0,0.0,0.33
10296022004956,2353517214919084800,193021301351065888,83410185790480368,18.5791127,-20.4916127,0.034610185603023,296,1,3,2,0.01,0.0,0.0,0.0,0.0,0.0,0.0,0.04,0.0,0.02,0.0,0.0,0.0,0.0,0.0,0.0,0.02,0.01,0.0,0.0,0.0,0.0,0.0,0.05,0.04,0.0,0.0,0.0,0.0,0.0,0.0,0.0,0.0,0.0,0.0,0.0,0.0,0.0,0.0,0.0,0.0,0.01,0.0,0.0,0.0,0.0,0.03,0.08,0.0,0.0,0.0,0.0,0.0,0.0,0.02,0.0,0.0,0.0,0.0,0.0,0.0,0.01,0.04,0.12,0.03,0.0,0.0,0.0,0.29,0.0,0.0,0.0,0.07,0.01,0.0,0.0,0.0,0.22,0.01,0.01,0.0,0.0,0.0,0.23,0.0,0.0,0.0,0.33
10296101001915,2355651577443080448,144019701351002704,83470145688384640,14.568914400000011,-20.4380929,0.0375886399321107,296,3,3,1,0.04,0.0,0.0,0.0,0.0,0.0,0.0,0.03,0.01,0.02,0.0,0.0,0.0,0.0,0.0,0.0,0.01,0.0,0.0,0.0,0.0,0.0,0.0,0.25,0.06,0.0,0.0,0.0,0.0,0.0,0.02,0.0,0.0,0.0,0.1,0.0,0.0,0.0,0.0,0.0,0.0,0.01,0.0,0.0,0.0,0.0,0.03,0.08,0.01,0.0,0.0,0.01,0.0,0.0,0.05,0.03,0.0,0.01,0.0,0.0,0.0,0.0,0.02,0.37,0.26,0.01,0.0,0.0,0.29,0.0,0.0,0.0,0.07,0.02,0.0,0.0,0.0,0.22,0.0,0.0,0.0,0.0,0.0,0.23,0.0,0.01,0.02,0.33
10296093000003,2356357528331339904,144019701351058384,85100146492665424,14.649316400000004,-19.0791575,0.1041281163574191,296,3,2,3,0.0,0.0,0.0,0.0,0.01,0.0,0.0,0.0,0.0,0.99,0.0,0.0,0.0,0.0,0.0,0.0,0.0,0.0,0.0,0.0,0.0,0.0,0.0,0.99,0.98,0.0,0.0,0.0,0.0,0.0,0.0,0.0,0.0,0.0,0.01,0.0,0.0,0.0,0.0,0.0,0.01,0.0,0.0,0.0,0.0,0.0,0.03,0.08,0.0,0.0,0.01,0.01,0.0,0.0,0.74,0.0,0.02,0.0,0.0,0.0,0.0,0.01,0.03,0.9,0.92,0.0,0.0,0.0,0.29,0.0,0.01,0.0,0.07,0.0,0.0,0.0,0.0,0.22,0.0,0.0,0.0,0.0,0.0,0.23,0.0,0.0,0.0,0.33
10296102000965,2355888036866351232,144019701351016864,83920139905237504,13.990515600000007,-20.0607301,0.1085749515008473,296,3,3,2,0.0,0.0,0.0,0.0,0.0,0.0,0.0,0.05,0.0,0.01,0.0,0.0,0.0,0.0,0.0,0.0,0.0,0.0,0.0,0.0,0.0,0.0,0.0,0.04,0.04,0.0,0.0,0.0,0.0,0.0,0.01,0.0,0.0,0.0,0.0,0.0,0.0,0.0,0.0,0.0,0.01,0.0,0.0,0.0,0.0,0.0,0.03,0.08,0.0,0.0,0.0,0.0,0.0,0.0,0.01,0.0,0.0,0.0,0.0,0.0,0.0,0.01,0.02,0.05,0.02,0.0,0.0,0.0,0.29,0.0,0.0,0.0,0.07,0.0,0.0,0.0,0.0,0.22,0.0,0.0,0.0,0.0,0.0,0.23,0.0,0.0,0.0,0.33
10296051000984,2356186863511210624,160019701351046624,84860158726482688,15.872626700000012,-19.2814468,0.0253340952048926,296,2,2,1,0.0,0.0,0.0,0.0,0.0,0.0,0.0,0.01,0.0,0.0,0.0,0.0,0.0,0.0,0.0,0.0,0.0,0.0,0.0,0.0,0.0,0.0,0.0,0.01,0.0,0.0,0.0,0.0,0.0,0.0,0.0,0.0,0.0,0.0,0.0,0.0,0.0,0.0,0.0,0.0,0.0,0.0,0.0,0.0,0.0,0.0,0.03,0.08,0.0,0.0,0.0,0.0,0.0,0.0,0.5,0.0,0.0,0.02,0.0,0.0,0.0,0.02,0.03,0.66,0.39,0.0,0.0,0.0,0.29,0.0,0.0,0.0,0.07,0.0,0.0,0.0,0.0,0.22,0.0,0.0,0.0,0.0,0.0,0.23,0.0,0.0,0.0,0.33
10296301000898,0,126018201351032736,86210126775168304,12.677549099999991,-18.1517096,0.0457870889105751,296,8,3,1,0.0,0.0,0.0,0.0,0.01,0.0,0.0,0.01,0.0,0.03,0.0,0.0,0.0,0.0,0.01,0.0,0.0,0.0,0.0,0.0,0.0,0.0,0.01,0.1,0.05,0.0,0.0,0.0,0.0,0.01,0.0,0.0,0.0,0.01,0.0,0.0,0.0,0.0,0.03,0.0,0.0,0.0,0.0,0.0,0.0,0.0,0.03,0.08,0.0,0.0,0.0,0.0,0.0,0.0,0.27,0.0,0.0,0.0,0.0,0.0,0.21,0.01,0.03,0.47,0.31,0.0,0.0,0.0,0.29,0.0,0.0,0.0,0.07,0.01,0.0,0.0,0.0,0.23,0.0,0.01,0.0,0.0,0.0,0.23,0.0,0.0,0.0,0.33
10296472002014,2371240109703535488,0,88450135041161488,13.5041133,-16.290674,0.0359382927628156,296,12,4,2,0.0,0.0,0.0,0.0,0.03,0.0,0.0,0.0,0.0,0.21,0.0,0.0,0.0,0.0,0.0,0.0,0.0,0.0,0.0,0.0,0.0,0.0,0.01,0.02,0.03,0.0,0.0,0.0,0.0,0.03,0.0,0.0,0.0,0.0,0.44,0.0,0.0,0.0,0.0,0.0,0.0,0.0,0.0,0.0,0.0,0.0,0.03,0.08,0.0,0.0,0.01,0.01,0.0,0.0,0.03,0.0,0.0,0.0,0.0,0.0,0.0,0.0,0.03,0.05,0.1,0.0,0.0,0.0,0.29,0.0,0.0,0.0,0.07,0.0,0.0,0.0,0.0,0.23,0.0,0.0,0.0,0.0,0.0,0.23,0.0,0.0,0.0,0.33
10296512001016,2455796260436218112,186013701351000928,90860192673001104,19.26739459999999,-14.2827083,0.036306432709671,296,13,4,2,0.01,0.0,0.0,0.0,0.01,0.0,0.0,0.01,0.0,0.01,0.0,0.0,0.0,0.0,0.0,0.0,0.0,0.0,0.0,0.0,0.0,0.0,0.0,0.08,0.13,0.0,0.0,0.0,0.0,0.01,0.0,0.0,0.0,0.0,0.04,0.0,0.0,0.0,0.0,0.0,0.01,0.0,0.0,0.0,0.0,0.0,0.03,0.08,0.0,0.0,0.01,0.01,0.0,0.0,0.01,0.0,0.0,0.0,0.0,0.0,0.0,0.0,0.02,0.06,0.02,0.0,0.0,0.0,0.29,0.0,0.0,0.0,0.07,0.0,0.0,0.0,0.0,0.22,0.0,0.01,0.0,0.0,0.0,0.23,0.0,0.0,0.0,0.33
10296272010252,0,158018201351035392,86030155889318352,15.58900030000001,-18.3016833,0.0277544758665809,296,7,4,2,0.0,0.0,0.0,0.0,0.01,0.0,0.0,0.0,0.0,0.58,0.0,0.0,0.0,0.0,0.0,0.0,0.0,0.0,0.0,0.0,0.0,0.0,0.02,0.07,0.06,0.0,0.0,0.0,0.0,0.0,0.0,0.0,0.0,0.0,0.0,0.0,0.0,0.0,0.01,0.0,0.0,0.0,0.0,0.0,0.0,0.0,0.03,0.08,0.0,0.0,0.0,0.0,0.0,0.0,0.06,0.0,0.0,0.0,0.0,0.0,0.03,0.02,0.03,0.13,0.05,0.0,0.0,0.0,0.29,0.0,0.0,0.0,0.07,0.0,0.0,0.0,0.0,0.23,0.0,0.01,0.0,0.0,0.0,0.23,0.0,0.0,0.0,0.33
10296613002075,2375798478754610432,124013701351035184,91580121464908368,12.146546,-13.6766308,0.0958957100848642,296,16,2,3,0.0,0.0,0.0,0.0,0.0,0.0,0.0,0.01,0.0,0.98,0.0,0.0,0.0,0.0,0.0,0.0,0.0,0.0,0.0,0.0,0.0,0.0,0.0,0.95,1.0,0.0,0.0,0.0,0.0,0.0,0.0,0.0,0.0,0.0,0.0,0.0,0.0,0.0,0.0,0.0,0.0,0.0,0.0,0.0,0.0,0.0,0.03,0.08,0.0,0.0,0.0,0.0,0.0,0.0,0.76,0.0,0.0,0.0,0.0,0.0,0.0,0.01,0.02,0.86,0.77,0.0,0.0,0.0,0.29,0.0,0.0,0.0,0.07,0.0,0.0,0.0,0.0,0.22,0.0,0.0,0.0,0.0,0.0,0.23,0.0,0.0,0.0,0.33
10296392001404,2359375382807756288,172016701351044896,88500173670387088,17.367118300000016,-16.2444421,0.0292634211958107,296,10,4,2,0.01,0.0,0.0,0.0,0.0,0.0,0.0,0.0,0.02,0.01,0.0,0.0,0.0,0.0,0.0,0.0,0.0,0.0,0.0,0.0,0.0,0.0,0.0,0.11,0.05,0.0,0.0,0.0,0.0,0.0,0.02,0.0,0.0,0.0,0.01,0.0,0.0,0.0,0.0,0.03,0.0,0.02,0.0,0.0,0.0,0.0,0.03,0.08,0.0,0.0,0.01,0.0,0.0,0.0,0.03,0.0,0.0,0.04,0.0,0.0,0.04,0.0,0.02,0.11,0.08,0.0,0.0,0.0,0.29,0.0,0.01,0.0,0.07,0.0,0.0,0.0,0.0,0.22,0.0,0.0,0.0,0.0,0.0,0.23,0.0,0.0,0.0,0.33
10296022004793,2354264985905023104,177021301351054816,83420182872305440,18.287237199999996,-20.4788859,0.0741569813246459,296,1,3,2,0.0,0.0,0.0,0.0,0.0,0.0,0.0,0.0,0.0,0.01,0.0,0.0,0.0,0.0,0.0,0.0,0.01,0.0,0.0,0.0,0.0,0.0,0.01,0.07,0.1,0.0,0.0,0.0,0.0,0.0,0.0,0.0,0.0,0.0,0.01,0.0,0.0,0.0,0.0,0.0,0.0,0.0,0.0,0.0,0.0,0.0,0.03,0.08,0.0,0.0,0.0,0.0,0.0,0.0,0.03,0.0,0.0,0.0,0.0,0.0,0.02,0.01,0.03,0.12,0.4,0.0,0.0,0.0,0.29,0.0,0.01,0.0,0.07,0.0,0.0,0.0,0.0,0.23,0.01,0.0,0.0,0.0,0.0,0.23,0.0,0.0,0.0,0.33
10296312004515,0,142018201351014048,85810136930301024,13.6930366,-18.4911022,0.0216749865237576,296,8,4,2,0.0,0.0,0.0,0.0,0.01,0.0,0.0,0.0,0.0,0.91,0.0,0.0,0.0,0.0,0.0,0.0,0.0,0.0,0.0,0.0,0.0,0.0,0.02,0.98,0.95,0.0,0.0,0.0,0.0,0.0,0.0,0.0,0.0,0.01,0.0,0.0,0.0,0.0,0.09,0.0,0.0,0.0,0.0,0.0,0.0,0.0,0.03,0.08,0.0,0.0,0.0,0.0,0.0,0.0,0.35,0.0,0.0,0.01,0.0,0.0,0.03,0.01,0.02,0.21,0.17,0.0,0.0,0.0,0.29,0.0,0.04,0.0,0.07,0.01,0.0,0.0,0.0,0.23,0.0,0.0,0.0,0.0,0.0,0.23,0.0,0.0,0.0,0.33
10296281018306,2369518682516368000,126018201351055776,86980130662646928,13.066162700000008,-17.5108743,0.0701245595618054,296,8,1,1,0.0,0.0,0.0,0.0,0.0,0.0,0.0,0.04,0.0,0.02,0.0,0.0,0.0,0.0,0.0,0.0,0.04,0.01,0.0,0.0,0.0,0.0,0.0,0.06,0.04,0.0,0.0,0.0,0.0,0.0,0.0,0.0,0.0,0.01,0.0,0.0,0.0,0.0,0.01,0.0,0.0,0.0,0.0,0.0,0.0,0.0,0.03,0.08,0.0,0.0,0.01,0.0,0.0,0.0,0.09,0.0,0.0,0.0,0.0,0.0,0.02,0.02,0.03,0.32,0.23,0.0,0.0,0.0,0.29,0.0,0.0,0.0,0.07,0.0,0.0,0.0,0.01,0.23,0.0,0.0,0.0,0.0,0.0,0.23,0.0,0.0,0.0,0.33
10296162012972,2355318562858395008,190018201351049344,86740192159847760,19.216038300000008,-17.7104851,0.0268020111567284,296,5,1,2,0.02,0.0,0.0,0.01,0.0,0.0,0.0,0.11,0.0,0.17,0.0,0.0,0.0,0.0,0.0,0.0,0.03,0.01,0.0,0.0,0.03,0.0,0.0,0.4,0.25,0.0,0.0,0.0,0.0,0.0,0.01,0.0,0.0,0.01,0.0,0.0,0.0,0.0,0.0,0.0,0.01,0.03,0.0,0.0,0.0,0.0,0.03,0.08,0.0,0.0,0.0,0.0,0.0,0.0,0.19,0.0,0.0,0.0,0.0,0.0,0.05,0.1,0.03,0.5,0.41,0.0,0.0,0.0,0.29,0.14,0.0,0.0,0.07,0.0,0.0,0.0,0.0,0.24,0.0,0.0,0.0,0.0,0.0,0.23,0.0,0.0,0.0,0.33
10296341000966,2358711376568015104,172016701351050016,88400178391127376,17.839030500000007,-16.3274701,637.1682961537646,296,9,3,1,0.01,0.0,0.0,0.0,0.0,0.0,0.0,0.13,0.0,0.21,0.0,0.0,0.0,0.0,0.0,0.0,0.04,0.0,0.0,0.0,0.0,0.0,0.0,0.71,0.83,0.0,0.0,0.0,0.0,0.01,0.01,0.0,0.0,0.1,0.01,0.0,0.0,0.0,0.49,0.03,0.01,0.01,0.0,0.0,0.0,0.0,0.03,0.08,0.0,0.42,0.0,0.04,0.0,0.0,0.11,0.0,0.0,0.0,0.0,0.0,0.01,0.03,0.02,0.9,0.38,0.01,0.0,0.0,0.29,0.0,0.0,0.0,0.07,0.0,0.0,0.0,0.0,0.23,0.0,0.1,0.0,0.0,0.0,0.23,0.0,0.0,0.0,0.33
10296281000010,2369625506942698880,125016701351000416,87430133353123312,13.335348399999988,-17.1391621,473.3247485714299,296,8,1,1,0.0,0.0,0.0,0.0,0.0,0.0,0.0,0.01,0.0,0.46,0.0,0.0,0.0,0.0,0.0,0.0,0.04,0.0,0.0,0.0,0.0,0.0,0.01,0.97,0.94,0.0,0.0,0.0,0.0,0.0,0.01,0.0,0.0,0.01,0.05,0.0,0.0,0.0,0.55,0.01,0.0,0.15,0.0,0.0,0.0,0.0,0.03,0.09,0.0,0.75,0.0,0.0,0.0,0.0,0.85,0.0,0.03,0.01,0.0,0.0,0.44,0.01,0.04,0.99,0.83,0.13,0.0,0.0,0.29,0.0,0.0,0.0,0.07,0.0,0.0,0.0,0.01,0.23,0.01,0.03,0.0,0.0,0.0,0.24,0.01,0.01,0.0,0.33
10296331001537,2454841957358176512,187015201351015328,89260186185528560,18.618608499999997,-15.609841,0.0268543201631364,296,9,2,1,0.01,0.01,0.0,0.0,0.0,0.0,0.0,0.01,0.01,0.01,0.0,0.0,0.0,0.0,0.0,0.0,0.0,0.0,0.0,0.0,0.0,0.0,0.0,0.14,0.09,0.0,0.0,0.0,0.0,0.0,0.03,0.0,0.0,0.0,0.01,0.0,0.0,0.0,0.0,0.02,0.01,0.01,0.0,0.0,0.0,0.0,0.03,0.08,0.0,0.0,0.0,0.0,0.0,0.0,0.01,0.0,0.0,0.02,0.0,0.0,0.01,0.01,0.02,0.06,0.03,0.01,0.0,0.0,0.29,0.0,0.01,0.0,0.07,0.0,0.0,0.0,0.0,0.22,0.0,0.0,0.0,0.0,0.0,0.23,0.0,0.01,0.0,0.33
10296423004748,2359168979564050304,141016701351027024,88070146870780000,14.687158699999998,-16.6085196,0.027900266095855,296,11,3,3,0.0,0.0,0.0,0.0,0.01,0.0,0.0,0.0,0.0,0.98,0.0,0.0,0.0,0.0,0.0,0.0,0.0,0.0,0.0,0.0,0.0,0.0,0.01,0.97,0.99,0.0,0.0,0.0,0.0,0.0,0.0,0.0,0.0,0.0,0.01,0.0,0.0,0.0,0.0,0.0,0.01,0.0,0.0,0.0,0.0,0.0,0.03,0.08,0.0,0.0,0.0,0.0,0.0,0.0,0.76,0.0,0.0,0.0,0.0,0.0,0.0,0.01,0.03,0.9,0.97,0.0,0.0,0.0,0.29,0.0,0.0,0.0,0.07,0.0,0.0,0.0,0.0,0.23,0.0,0.0,0.0,0.0,0.0,0.23,0.0,0.0,0.0,0.33
10296092003906,2356308947957632512,144019701351050144,84580147218359408,14.721884700000004,-19.5091157,0.0499997488900759,296,3,2,2,0.0,0.01,0.0,0.0,0.0,0.0,0.0,0.0,0.02,0.02,0.0,0.0,0.0,0.0,0.0,0.0,0.0,0.0,0.0,0.0,0.0,0.0,0.0,0.06,0.03,0.0,0.0,0.0,0.0,0.0,0.02,0.0,0.0,0.0,0.0,0.0,0.0,0.0,0.0,0.02,0.0,0.02,0.0,0.0,0.0,0.0,0.03,0.08,0.0,0.0,0.0,0.0,0.0,0.0,0.02,0.0,0.0,0.08,0.0,0.0,0.02,0.0,0.02,0.06,0.05,0.0,0.0,0.0,0.29,0.0,0.0,0.0,0.07,0.0,0.0,0.0,0.0,0.22,0.0,0.0,0.0,0.0,0.0,0.23,0.0,0.0,0.0,0.33
10296241005737,2358859570119933056,0,87040152019820048,15.201991599999984,-17.466869,0.1215791119917769,296,7,1,1,0.0,0.0,0.0,0.0,0.06,0.0,0.0,0.0,0.0,0.75,0.0,0.0,0.0,0.0,0.0,0.0,0.0,0.0,0.0,0.0,0.0,0.0,0.02,0.19,0.85,0.0,0.0,0.0,0.0,0.01,0.0,0.0,0.0,0.0,0.03,0.0,0.0,0.0,0.01,0.0,0.0,0.02,0.0,0.0,0.0,0.0,0.03,0.08,0.0,0.0,0.0,0.0,0.0,0.0,0.42,0.0,0.0,0.02,0.0,0.0,0.3,0.01,0.02,0.36,0.32,0.0,0.0,0.0,0.29,0.0,0.01,0.0,0.07,0.0,0.0,0.0,0.0,0.23,0.0,0.01,0.0,0.0,0.0,0.23,0.0,0.0,0.0,0.33
10296623000665,2372667821257049472,124013701351008000,90890121360619936,12.136068499999991,-14.2504198,0.0254100189888367,296,16,3,3,0.0,0.0,0.0,0.0,0.01,0.0,0.0,0.0,0.0,0.99,0.0,0.0,0.0,0.0,0.0,0.0,0.0,0.0,0.0,0.0,0.0,0.0,0.0,1.0,1.0,0.0,0.0,0.0,0.0,0.0,0.0,0.0,0.0,0.01,0.01,0.0,0.0,0.0,0.0,0.0,0.01,0.0,0.0,0.0,0.0,0.0,0.03,0.08,0.0,0.0,0.0,0.0,0.0,0.0,0.86,0.0,0.0,0.0,0.0,0.0,0.0,0.0,0.03,0.94,0.96,0.0,0.0,0.0,0.29,0.0,0.0,0.0,0.07,0.0,0.0,0.0,0.0,0.22,0.0,0.0,0.0,0.0,0.0,0.23,0.0,0.0,0.0,0.33
10296472001867,2371230793918878464,141016701351043296,88460137751506416,13.77517929999999,-16.2782699,0.0219255387294915,296,12,4,2,0.0,0.0,0.0,0.0,0.0,0.0,0.0,0.0,0.0,0.01,0.0,0.0,0.0,0.0,0.0,0.0,0.0,0.0,0.0,0.0,0.0,0.0,0.0,0.02,0.02,0.0,0.0,0.0,0.0,0.0,0.01,0.0,0.0,0.0,0.0,0.0,0.0,0.0,0.0,0.01,0.0,0.0,0.0,0.0,0.0,0.0,0.03,0.08,0.0,0.0,0.0,0.0,0.0,0.0,0.02,0.0,0.0,0.0,0.0,0.0,0.0,0.0,0.02,0.11,0.08,0.0,0.0,0.0,0.29,0.0,0.0,0.0,0.07,0.0,0.0,0.0,0.0,0.22,0.0,0.0,0.0,0.0,0.0,0.23,0.0,0.0,0.0,0.33
10296412002674,2371577316176366720,140015201351018944,89380141997829536,14.199802000000004,-15.5089745,0.0217403570819244,296,11,2,2,0.0,0.01,0.0,0.0,0.0,0.0,0.0,0.01,0.01,0.02,0.0,0.0,0.0,0.0,0.0,0.0,0.0,0.0,0.0,0.0,0.0,0.0,0.0,0.11,0.03,0.0,0.0,0.0,0.0,0.0,0.02,0.0,0.0,0.0,0.01,0.0,0.0,0.0,0.0,0.02,0.0,0.02,0.0,0.0,0.0,0.0,0.03,0.08,0.0,0.0,0.0,0.0,0.0,0.0,0.01,0.0,0.0,0.04,0.0,0.0,0.0,0.0,0.02,0.02,0.01,0.0,0.0,0.0,0.29,0.0,0.0,0.0,0.07,0.0,0.0,0.0,0.0,0.22,0.0,0.0,0.0,0.0,0.0,0.23,0.0,0.0,0.0,0.33
10296421000031,2371269074964154624,141016701351061920,88670139661883152,13.966183900000004,-16.1059625,0.1997873721659669,296,11,3,1,0.01,0.0,0.0,0.01,0.0,0.0,0.0,0.02,0.01,0.12,0.0,0.0,0.0,0.0,0.0,0.0,0.02,0.0,0.0,0.0,0.0,0.0,0.0,0.67,0.54,0.0,0.0,0.0,0.0,0.0,0.03,0.0,0.0,0.01,0.0,0.0,0.0,0.0,0.0,0.03,0.01,0.01,0.0,0.0,0.0,0.0,0.03,0.08,0.0,0.0,0.0,0.0,0.0,0.0,0.41,0.0,0.0,0.0,0.0,0.0,0.01,0.02,0.03,0.89,0.82,0.0,0.0,0.0,0.29,0.0,0.0,0.0,0.07,0.0,0.0,0.0,0.0,0.23,0.0,0.02,0.0,0.0,0.0,0.23,0.0,0.01,0.0,0.33
10296142002611,0,128019701351008720,83740125498963952,12.549888899999983,-20.2136562,0.1380392194113708,296,4,3,2,0.0,0.0,0.0,0.0,0.0,0.0,0.0,0.0,0.0,0.25,0.0,0.0,0.0,0.0,0.0,0.0,0.0,0.0,0.0,0.0,0.0,0.0,0.01,0.18,0.7,0.0,0.0,0.0,0.0,0.0,0.0,0.0,0.0,0.0,0.0,0.0,0.0,0.0,0.0,0.0,0.0,0.0,0.0,0.0,0.0,0.0,0.03,0.08,0.0,0.0,0.0,0.0,0.0,0.0,0.03,0.0,0.0,0.0,0.0,0.0,0.0,0.01,0.03,0.07,0.05,0.0,0.0,0.0,0.29,0.0,0.0,0.0,0.07,0.0,0.0,0.0,0.0,0.23,0.0,0.0,0.0,0.0,0.0,0.23,0.0,0.0,0.0,0.33
10296222010944,0,158018201351027328,86230165830480064,16.583130600000004,-18.1417892,0.0245140450227945,296,6,3,2,0.0,0.0,0.0,0.0,0.0,0.0,0.0,0.03,0.0,0.11,0.0,0.0,0.0,0.0,0.0,0.0,0.02,0.0,0.0,0.0,0.0,0.0,0.0,0.26,0.27,0.0,0.0,0.0,0.0,0.01,0.0,0.0,0.0,0.02,0.03,0.0,0.0,0.0,0.0,0.01,0.01,0.01,0.0,0.0,0.0,0.0,0.03,0.08,0.0,0.0,0.0,0.01,0.0,0.0,0.32,0.0,0.0,0.0,0.0,0.0,0.05,0.04,0.03,0.8,0.56,0.0,0.0,0.0,0.29,0.0,0.0,0.0,0.07,0.0,0.0,0.0,0.0,0.23,0.0,0.0,0.0,0.0,0.0,0.23,0.0,0.02,0.0,0.33
10296491009585,2468129589739713536,0,91820177857582448,17.785767899999996,-13.4817598,0.1456934361080946,296,13,2,1,0.01,0.0,0.0,0.0,0.0,0.0,0.0,0.02,0.1,0.59,0.0,0.0,0.0,0.0,0.0,0.0,0.03,0.0,0.0,0.0,0.0,0.0,0.01,0.44,0.26,0.0,0.0,0.0,0.0,0.0,0.06,0.0,0.0,0.01,0.01,0.0,0.0,0.0,0.0,0.0,0.0,0.25,0.0,0.0,0.0,0.0,0.03,0.08,0.0,0.0,0.0,0.0,0.0,0.0,0.84,0.0,0.0,0.0,0.0,0.0,0.0,0.0,0.02,0.93,0.94,0.0,0.0,0.0,0.29,0.0,0.01,0.0,0.07,0.0,0.0,0.0,0.0,0.22,0.0,0.0,0.0,0.0,0.0,0.23,0.0,0.0,0.0,0.33
10296602003802,2372919544995850240,139013701351016720,91400137803737088,13.780437799999987,-13.8277239,0.0744435466621079,296,16,1,2,0.01,0.01,0.0,0.0,0.0,0.0,0.0,0.01,0.01,0.01,0.01,0.0,0.0,0.0,0.0,0.0,0.0,0.0,0.0,0.0,0.0,0.0,0.0,0.19,0.16,0.0,0.0,0.0,0.0,0.0,0.01,0.0,0.0,0.0,0.0,0.0,0.0,0.0,0.0,0.02,0.0,0.01,0.0,0.0,0.0,0.0,0.03,0.08,0.0,0.0,0.0,0.0,0.0,0.0,0.02,0.0,0.0,0.0,0.0,0.0,0.01,0.01,0.02,0.26,0.15,0.01,0.0,0.0,0.29,0.0,0.0,0.0,0.07,0.0,0.0,0.0,0.0,0.22,0.0,0.01,0.0,0.0,0.0,0.23,0.0,0.0,0.0,0.33
10296333010563,2359510004262965504,187015201351009888,89100180872776368,18.087249600000007,-15.7450059,0.0276433386173614,296,9,2,3,0.0,0.0,0.0,0.0,0.01,0.0,0.0,0.0,0.0,0.95,0.0,0.0,0.0,0.0,0.0,0.0,0.0,0.0,0.0,0.0,0.0,0.0,0.01,0.99,1.0,0.0,0.0,0.0,0.0,0.0,0.0,0.0,0.0,0.01,0.01,0.0,0.0,0.0,0.0,0.01,0.01,0.0,0.0,0.0,0.0,0.0,0.03,0.08,0.0,0.0,0.0,0.0,0.0,0.0,0.91,0.0,0.01,0.0,0.0,0.0,0.02,0.01,0.02,0.98,0.98,0.0,0.0,0.0,0.29,0.0,0.0,0.0,0.07,0.0,0.0,0.0,0.0,0.23,0.0,0.0,0.0,0.0,0.0,0.23,0.0,0.0,0.0,0.33
10296362008077,0,172015201351002848,88960174296289152,17.430071400000003,-15.8596529,290.6381491227729,296,10,1,2,0.0,0.0,0.0,0.0,0.0,0.0,0.0,0.09,0.0,0.13,0.0,0.0,0.0,0.0,0.01,0.0,0.02,0.01,0.0,0.0,0.0,0.0,0.01,0.29,0.55,0.0,0.0,0.0,0.0,0.0,0.02,0.0,0.0,0.01,0.0,0.0,0.0,0.0,0.0,0.0,0.0,0.01,0.0,0.0,0.0,0.0,0.03,0.08,0.0,0.0,0.0,0.0,0.0,0.0,0.09,0.0,0.0,0.0,0.0,0.0,0.03,0.04,0.03,0.57,0.26,0.0,0.0,0.0,0.29,0.0,0.0,0.0,0.07,0.0,0.0,0.0,0.01,0.24,0.0,0.02,0.0,0.0,0.0,0.23,0.0,0.0,0.0,0.33
10296412001115,2371603051620430848,140015201351022048,89570144231605856,14.42317829999999,-15.3537378,0.0728996365220407,296,11,2,2,0.01,0.0,0.0,0.0,0.0,0.0,0.0,0.01,0.0,0.02,0.0,0.0,0.0,0.0,0.0,0.0,0.01,0.0,0.0,0.0,0.0,0.0,0.0,0.07,0.03,0.0,0.0,0.0,0.0,0.0,0.0,0.0,0.0,0.01,0.0,0.0,0.0,0.0,0.0,0.0,0.0,0.0,0.0,0.0,0.0,0.0,0.03,0.08,0.0,0.0,0.0,0.0,0.0,0.0,0.03,0.0,0.0,0.0,0.0,0.0,0.0,0.01,0.03,0.14,0.06,0.0,0.0,0.0,0.29,0.0,0.0,0.0,0.07,0.0,0.0,0.0,0.0,0.22,0.0,0.0,0.0,0.0,0.0,0.23,0.0,0.0,0.0,0.33
10296472010214,0,125016701351048736,88440129099775600,12.909883799999989,-16.2956112,0.0713243623744847,296,12,4,2,0.01,0.0,0.0,0.01,0.02,0.0,0.0,0.02,0.0,0.16,0.0,0.0,0.0,0.0,0.0,0.0,0.01,0.0,0.0,0.0,0.0,0.0,0.02,0.29,0.15,0.0,0.0,0.0,0.0,0.01,0.0,0.0,0.0,0.02,0.12,0.0,0.0,0.0,0.17,0.01,0.0,0.02,0.0,0.0,0.0,0.0,0.03,0.08,0.0,0.0,0.0,0.0,0.0,0.0,0.73,0.0,0.0,0.0,0.0,0.0,0.01,0.0,0.03,0.78,0.71,0.0,0.0,0.0,0.29,0.0,0.0,0.0,0.07,0.0,0.0,0.0,0.0,0.23,0.0,0.01,0.0,0.0,0.0,0.23,0.0,0.0,0.0,0.33
10296591013395,0,156015201351043008,90150152876064608,15.287722900000006,-14.8714651,0.0253588782400138,296,15,4,1,0.0,0.0,0.0,0.0,0.02,0.0,0.01,0.0,0.0,0.75,0.0,0.0,0.0,0.0,0.0,0.0,0.0,0.0,0.0,0.0,0.0,0.0,0.03,0.65,0.85,0.0,0.0,0.0,0.0,0.01,0.0,0.0,0.0,0.0,0.03,0.0,0.0,0.0,0.0,0.0,0.0,0.01,0.0,0.0,0.0,0.0,0.03,0.08,0.0,0.0,0.0,0.01,0.0,0.0,0.21,0.0,0.0,0.09,0.0,0.0,0.1,0.01,0.03,0.41,0.41,0.0,0.0,0.0,0.29,0.0,0.02,0.0,0.07,0.0,0.0,0.0,0.0,0.23,0.01,0.01,0.0,0.0,0.0,0.23,0.0,0.0,0.0,0.33
10296402000251,2371748870054374400,0,89680156959321856,15.695897000000002,-15.2653531,0.0540999255432383,296,11,1,2,0.0,0.0,0.0,0.0,0.0,0.0,0.0,0.0,0.0,0.0,0.0,0.0,0.0,0.0,0.0,0.0,0.0,0.0,0.0,0.0,0.0,0.0,0.0,0.01,0.01,0.0,0.0,0.0,0.0,0.0,0.0,0.0,0.0,0.0,0.0,0.0,0.0,0.0,0.0,0.0,0.0,0.0,0.0,0.0,0.0,0.0,0.03,0.08,0.0,0.0,0.0,0.0,0.0,0.0,0.08,0.0,0.0,0.0,0.0,0.0,0.0,0.0,0.02,0.3,0.22,0.0,0.0,0.0,0.29,0.0,0.0,0.0,0.07,0.0,0.0,0.0,0.0,0.22,0.0,0.0,0.0,0.0,0.0,0.23,0.0,0.0,0.0,0.33
10296083013789,2356344196752833920,144019701351055600,84980150624126416,15.062412899999998,-19.178262,0.0671423527266021,296,3,1,3,0.0,0.0,0.0,0.0,0.01,0.0,0.0,0.0,0.0,0.99,0.0,0.0,0.0,0.0,0.0,0.0,0.0,0.0,0.0,0.0,0.0,0.0,0.01,1.0,1.0,0.0,0.0,0.0,0.0,0.0,0.0,0.0,0.0,0.01,0.0,0.0,0.0,0.0,0.0,0.0,0.01,0.0,0.0,0.0,0.0,0.0,0.03,0.08,0.0,0.0,0.0,0.0,0.0,0.0,0.87,0.0,0.0,0.0,0.0,0.0,0.0,0.01,0.03,0.94,0.97,0.0,0.0,0.0,0.29,0.0,0.0,0.0,0.07,0.0,0.0,0.0,0.0,0.22,0.0,0.0,0.0,0.0,0.0,0.23,0.0,0.0,0.0,0.33
10296332007904,2358740174324438272,188016701351059488,88810183820281712,18.38213590000001,-15.9905197,0.2359244136202246,296,9,2,2,0.01,0.0,0.0,0.0,0.01,0.0,0.0,0.02,0.0,0.01,0.0,0.0,0.0,0.0,0.0,0.0,0.02,0.0,0.0,0.0,0.0,0.0,0.0,0.07,0.06,0.0,0.0,0.0,0.0,0.0,0.0,0.0,0.0,0.01,0.0,0.0,0.0,0.0,0.0,0.0,0.0,0.0,0.0,0.0,0.0,0.0,0.03,0.08,0.0,0.0,0.0,0.0,0.0,0.0,0.01,0.0,0.0,0.0,0.0,0.0,0.0,0.01,0.04,0.15,0.04,0.0,0.0,0.0,0.29,0.0,0.0,0.0,0.07,0.0,0.0,0.0,0.0,0.22,0.0,0.0,0.0,0.0,0.0,0.23,0.0,0.0,0.0,0.33
10296532004589,2372178027482715520,155013701351023808,91380160226122352,16.022630700000008,-13.8483468,0.0238192774324068,296,14,2,2,0.0,0.0,0.0,0.0,0.0,0.0,0.0,0.02,0.0,0.01,0.0,0.0,0.0,0.0,0.0,0.0,0.01,0.0,0.0,0.0,0.0,0.0,0.0,0.03,0.02,0.0,0.0,0.0,0.0,0.0,0.0,0.0,0.0,0.0,0.0,0.0,0.0,0.0,0.0,0.0,0.01,0.01,0.0,0.0,0.0,0.0,0.03,0.08,0.0,0.0,0.0,0.0,0.0,0.0,0.02,0.0,0.0,0.0,0.0,0.0,0.0,0.01,0.03,0.12,0.11,0.0,0.0,0.0,0.29,0.0,0.0,0.0,0.07,0.0,0.0,0.0,0.0,0.22,0.0,0.0,0.0,0.0,0.0,0.23,0.0,0.0,0.0,0.33
10296032006156,0,192019701351019328,84100191303164032,19.13040000000001,-19.9135708,0.0224508564226611,296,1,4,2,0.0,0.0,0.0,0.0,0.01,0.0,0.0,0.01,0.0,0.04,0.0,0.0,0.0,0.0,0.0,0.0,0.01,0.0,0.0,0.0,0.0,0.0,0.01,0.07,0.27,0.0,0.0,0.0,0.0,0.0,0.0,0.0,0.0,0.01,0.01,0.0,0.0,0.0,0.0,0.0,0.0,0.0,0.0,0.0,0.0,0.0,0.03,0.08,0.0,0.04,0.0,0.0,0.0,0.0,0.44,0.0,0.0,0.0,0.0,0.0,0.0,0.0,0.02,0.35,0.42,0.0,0.0,0.0,0.29,0.0,0.0,0.0,0.07,0.0,0.0,0.0,0.0,0.22,0.0,0.0,0.0,0.0,0.0,0.23,0.0,0.0,0.0,0.33
10296272005746,2356483216254468096,158018201351017056,85630156045234416,15.60457980000001,-18.6383247,0.0211683194011815,296,7,4,2,0.0,0.0,0.0,0.0,0.01,0.0,0.0,0.01,0.0,0.01,0.0,0.0,0.0,0.0,0.0,0.0,0.0,0.0,0.0,0.0,0.0,0.0,0.0,0.02,0.08,0.0,0.0,0.0,0.0,0.0,0.0,0.0,0.0,0.0,0.0,0.0,0.0,0.0,0.0,0.0,0.0,0.0,0.0,0.0,0.0,0.0,0.03,0.08,0.0,0.0,0.0,0.0,0.0,0.0,0.01,0.0,0.0,0.0,0.0,0.0,0.0,0.0,0.02,0.05,0.02,0.0,0.0,0.0,0.29,0.0,0.0,0.0,0.07,0.0,0.0,0.0,0.0,0.22,0.0,0.0,0.0,0.0,0.0,0.23,0.0,0.0,0.0,0.33
10296261002728,2357189240158234624,142018201351018912,85750142988119120,14.298853100000002,-18.5343794,0.1243599911420104,296,7,3,1,0.0,0.0,0.0,0.0,0.0,0.0,0.0,0.01,0.0,0.69,0.0,0.0,0.0,0.0,0.0,0.0,0.01,0.01,0.0,0.0,0.0,0.0,0.01,0.47,0.75,0.0,0.0,0.0,0.0,0.0,0.01,0.0,0.0,0.0,0.0,0.0,0.0,0.0,0.0,0.0,0.0,0.05,0.0,0.0,0.0,0.0,0.03,0.08,0.0,0.0,0.0,0.0,0.0,0.0,0.12,0.0,0.0,0.03,0.0,0.0,0.03,0.01,0.04,0.26,0.32,0.0,0.0,0.0,0.29,0.0,0.0,0.0,0.07,0.0,0.0,0.0,0.0,0.23,0.0,0.01,0.0,0.0,0.0,0.23,0.0,0.0,0.0,0.33
10296412005855,0,0,89010143553501616,14.355345999999995,-15.8239064,0.3039198939624142,296,11,2,2,0.0,0.0,0.0,0.0,0.01,0.0,0.0,0.0,0.0,0.05,0.0,0.0,0.0,0.0,0.0,0.0,0.0,0.0,0.0,0.0,0.0,0.0,0.01,0.03,0.03,0.0,0.0,0.0,0.0,0.05,0.0,0.0,0.0,0.01,0.05,0.0,0.0,0.0,0.01,0.0,0.0,0.0,0.0,0.0,0.0,0.0,0.03,0.08,0.0,0.0,0.0,0.0,0.0,0.0,0.01,0.0,0.01,0.0,0.0,0.0,0.0,0.0,0.02,0.05,0.04,0.0,0.0,0.0,0.29,0.0,0.0,0.0,0.07,0.0,0.0,0.0,0.0,0.22,0.0,0.0,0.0,0.0,0.0,0.23,0.0,0.0,0.0,0.33
10296632016644,2372436064821380352,125015201351051664,90270132048529744,13.204634199999989,-14.7674144,0.0603752629468937,296,16,4,2,0.0,0.0,0.0,0.0,0.0,0.0,0.0,0.0,0.0,0.42,0.0,0.0,0.0,0.0,0.0,0.0,0.0,0.0,0.0,0.0,0.0,0.0,0.01,0.08,0.26,0.0,0.0,0.0,0.0,0.0,0.0,0.0,0.0,0.0,0.0,0.0,0.0,0.0,0.0,0.0,0.0,0.0,0.0,0.0,0.0,0.0,0.03,0.08,0.0,0.0,0.0,0.0,0.0,0.0,0.04,0.0,0.0,0.0,0.0,0.0,0.0,0.01,0.03,0.16,0.14,0.0,0.0,0.0,0.29,0.0,0.0,0.0,0.07,0.0,0.0,0.0,0.0,0.23,0.0,0.0,0.0,0.0,0.0,0.23,0.0,0.0,0.0,0.33
10296612003705,2372779700861025792,124013701351018832,91420125171379680,12.5171986,-13.8088797,0.4464846782018281,296,16,2,2,0.01,0.0,0.0,0.0,0.0,0.0,0.0,0.01,0.01,0.01,0.0,0.0,0.0,0.0,0.0,0.0,0.0,0.0,0.0,0.0,0.0,0.0,0.0,0.2,0.11,0.0,0.0,0.0,0.0,0.0,0.01,0.0,0.0,0.0,0.0,0.0,0.0,0.0,0.0,0.01,0.01,0.01,0.0,0.0,0.0,0.0,0.03,0.08,0.0,0.0,0.0,0.0,0.0,0.0,0.01,0.0,0.0,0.01,0.0,0.0,0.0,0.0,0.02,0.22,0.17,0.0,0.0,0.0,0.29,0.0,0.0,0.0,0.07,0.0,0.0,0.0,0.0,0.22,0.0,0.0,0.0,0.0,0.0,0.23,0.0,0.0,0.0,0.33
10296021000814,2354340719064077440,176019701351021632,83850180233462720,18.0234284,-20.1230107,0.0370451593715492,296,1,3,1,0.02,0.01,0.1,0.0,0.0,0.0,0.0,0.02,0.06,0.04,0.0,0.0,0.0,0.0,0.0,0.0,0.0,0.0,0.0,0.0,0.0,0.0,0.0,0.41,0.55,0.0,0.0,0.0,0.0,0.0,0.13,0.0,0.0,0.0,0.0,0.0,0.0,0.0,0.0,0.0,0.01,0.01,0.0,0.0,0.0,0.0,0.03,0.08,0.0,0.0,0.0,0.0,0.0,0.0,0.33,0.0,0.0,0.04,0.0,0.0,0.01,0.0,0.02,0.71,0.63,0.0,0.0,0.0,0.29,0.0,0.01,0.0,0.07,0.0,0.0,0.0,0.0,0.22,0.0,0.0,0.0,0.0,0.0,0.23,0.0,0.01,0.0,0.33
10296591004071,2371993687485877760,140015201351051280,90110148678835776,14.867958399999992,-14.9037818,0.0252143719911563,296,15,4,1,0.03,0.03,0.0,0.0,0.0,0.0,0.0,0.01,0.13,0.02,0.0,0.0,0.0,0.0,0.0,0.0,0.0,0.0,0.0,0.0,0.0,0.0,0.0,0.87,0.81,0.0,0.0,0.0,0.0,0.0,0.11,0.0,0.0,0.0,0.0,0.0,0.0,0.0,0.0,0.0,0.01,0.03,0.0,0.0,0.0,0.0,0.03,0.08,0.0,0.0,0.0,0.0,0.0,0.0,0.33,0.01,0.0,0.05,0.0,0.0,0.01,0.0,0.02,0.96,0.89,0.02,0.0,0.0,0.29,0.0,0.01,0.0,0.07,0.0,0.0,0.0,0.0,0.22,0.0,0.0,0.0,0.0,0.0,0.23,0.0,0.02,0.0,0.33
10296572007757,0,0,91910147678034400,14.767748600000004,-13.4049993,0.0311824654790812,296,15,2,2,0.0,0.0,0.0,0.0,0.02,0.0,0.0,0.0,0.0,0.35,0.0,0.0,0.0,0.0,0.01,0.0,0.0,0.0,0.0,0.0,0.0,0.0,0.03,0.43,0.96,0.0,0.0,0.0,0.0,0.01,0.0,0.0,0.0,0.0,0.03,0.0,0.0,0.0,0.0,0.0,0.0,0.0,0.0,0.0,0.0,0.0,0.04,0.08,0.0,0.0,0.0,0.0,0.0,0.0,0.17,0.0,0.0,0.01,0.0,0.0,0.36,0.02,0.03,0.55,0.36,0.0,0.0,0.0,0.29,0.0,0.27,0.0,0.08,0.01,0.0,0.0,0.01,0.23,0.0,0.02,0.0,0.0,0.0,0.23,0.0,0.0,0.0,0.33
10296041003178,2353103970345780608,176019701351037696,84190168672698384,16.8673115,-19.8349645,0.0588440727453585,296,2,1,1,0.02,0.0,0.0,0.0,0.0,0.0,0.0,0.05,0.02,0.02,0.0,0.0,0.0,0.0,0.0,0.0,0.0,0.0,0.0,0.0,0.0,0.0,0.0,0.3,0.2,0.0,0.0,0.0,0.0,0.0,0.02,0.0,0.0,0.0,0.01,0.0,0.0,0.0,0.0,0.01,0.01,0.01,0.0,0.0,0.0,0.0,0.03,0.08,0.0,0.0,0.0,0.0,0.0,0.0,0.01,0.0,0.0,0.0,0.0,0.0,0.0,0.01,0.02,0.22,0.22,0.0,0.0,0.0,0.29,0.0,0.0,0.0,0.07,0.0,0.0,0.0,0.0,0.22,0.0,0.0,0.0,0.0,0.0,0.23,0.0,0.0,0.0,0.33
10296371000130,2359741588899313920,156015201351028992,89680160866128272,16.086663799999997,-15.2601003,0.0328542729822025,296,10,2,1,0.02,0.0,0.0,0.0,0.0,0.0,0.0,0.03,0.01,0.03,0.0,0.0,0.0,0.0,0.0,0.0,0.03,0.0,0.0,0.0,0.0,0.0,0.0,0.17,0.18,0.0,0.0,0.0,0.0,0.0,0.03,0.0,0.0,0.01,0.0,0.0,0.0,0.0,0.0,0.01,0.0,0.01,0.0,0.0,0.0,0.0,0.03,0.08,0.0,0.0,0.0,0.0,0.0,0.0,0.06,0.0,0.0,0.0,0.0,0.0,0.0,0.01,0.03,0.32,0.14,0.0,0.0,0.0,0.29,0.0,0.0,0.0,0.07,0.0,0.0,0.0,0.0,0.22,0.0,0.01,0.0,0.0,0.0,0.23,0.0,0.0,0.0,0.33
10296011007304,2354702527108250496,0,85050179740003488,17.974052400000005,-19.1223467,0.0847449865718662,296,1,2,1,0.01,0.0,0.0,0.03,0.0,0.0,0.0,0.02,0.01,0.04,0.0,0.0,0.0,0.0,0.0,0.0,0.05,0.01,0.0,0.0,0.0,0.0,0.0,0.32,0.2,0.0,0.0,0.0,0.0,0.0,0.02,0.0,0.0,0.01,0.01,0.0,0.0,0.0,0.0,0.0,0.0,0.01,0.0,0.0,0.0,0.0,0.03,0.08,0.0,0.0,0.0,0.0,0.0,0.0,0.03,0.0,0.0,0.0,0.0,0.0,0.0,0.01,0.05,0.11,0.19,0.0,0.0,0.0,0.29,0.0,0.0,0.0,0.07,0.0,0.0,0.0,0.0,0.23,0.0,0.0,0.0,0.0,0.0,0.23,0.0,0.0,0.0,0.33
10296372000826,2359817072949128320,172015201351013376,89590164918726672,16.49188000000001,-15.3364043,0.0349192863270649,296,10,2,2,0.01,0.0,0.0,0.0,0.01,0.0,0.0,0.01,0.0,0.01,0.0,0.0,0.0,0.0,0.0,0.0,0.0,0.0,0.0,0.0,0.0,0.0,0.0,0.09,0.22,0.0,0.0,0.0,0.0,0.01,0.01,0.0,0.0,0.0,0.07,0.0,0.0,0.0,0.0,0.01,0.0,0.01,0.0,0.0,0.0,0.0,0.03,0.08,0.0,0.0,0.07,0.31,0.05,0.0,0.01,0.0,0.0,0.0,0.0,0.0,0.0,0.0,0.02,0.05,0.04,0.0,0.0,0.0,0.29,0.0,0.0,0.0,0.07,0.0,0.0,0.0,0.0,0.22,0.0,0.0,0.0,0.0,0.0,0.23,0.0,0.0,0.0,0.33
10296301001629,2357070527262468608,126018201351032640,86050126513538240,12.651385599999998,-18.2850584,3.9870912154035913,296,8,3,1,0.0,0.0,0.0,0.0,0.01,0.0,0.0,0.09,0.0,0.24,0.0,0.0,0.0,0.0,0.01,0.0,0.01,0.0,0.0,0.0,0.0,0.01,0.01,0.99,0.71,0.0,0.0,0.0,0.0,0.0,0.0,0.0,0.0,0.18,0.0,0.0,0.0,0.0,0.41,0.07,0.01,0.0,0.0,0.0,0.0,0.01,0.03,0.1,0.0,0.44,0.0,0.0,0.0,0.0,0.04,0.0,0.01,0.0,0.0,0.0,0.01,0.04,0.02,0.79,0.24,0.29,0.0,0.0,0.29,0.0,0.0,0.0,0.07,0.01,0.0,0.0,0.0,0.25,0.0,0.33,0.0,0.0,0.01,0.24,0.07,0.01,0.0,0.33
10296412004667,0,140015201351000320,89140147214488544,14.721359400000011,-15.7098516,0.0246332741033682,296,11,2,2,0.01,0.0,0.0,0.0,0.01,0.0,0.0,0.01,0.0,0.01,0.0,0.0,0.0,0.0,0.0,0.0,0.01,0.0,0.0,0.0,0.0,0.0,0.0,0.01,0.01,0.0,0.0,0.0,0.0,0.0,0.0,0.0,0.0,0.0,0.0,0.0,0.0,0.0,0.01,0.0,0.0,0.0,0.0,0.0,0.0,0.0,0.03,0.08,0.0,0.0,0.0,0.0,0.0,0.0,0.01,0.0,0.0,0.0,0.0,0.0,0.0,0.01,0.03,0.04,0.03,0.0,0.0,0.0,0.29,0.0,0.0,0.0,0.07,0.0,0.0,0.0,0.0,0.22,0.0,0.0,0.0,0.0,0.0,0.23,0.0,0.0,0.0,0.33
10296412005048,2371285700780888064,0,89100140502597200,14.050279399999994,-15.7443034,0.0358925144348934,296,11,2,2,0.0,0.0,0.0,0.0,0.0,0.0,0.0,0.01,0.0,0.0,0.0,0.0,0.0,0.0,0.0,0.0,0.0,0.0,0.0,0.0,0.0,0.0,0.0,0.01,0.01,0.0,0.0,0.0,0.0,0.0,0.0,0.0,0.0,0.0,0.0,0.0,0.0,0.0,0.0,0.0,0.0,0.0,0.0,0.0,0.0,0.0,0.03,0.08,0.0,0.0,0.0,0.0,0.0,0.0,0.0,0.0,0.0,0.0,0.0,0.0,0.0,0.01,0.02,0.02,0.02,0.0,0.0,0.0,0.29,0.0,0.0,0.0,0.07,0.0,0.0,0.0,0.0,0.22,0.0,0.0,0.0,0.0,0.0,0.23,0.0,0.0,0.0,0.33
10296202007171,0,174018201351043744,86470172316901072,17.2315983,-17.9410049,0.0267412633614472,296,6,1,2,0.01,0.0,0.0,0.0,0.0,0.0,0.0,0.03,0.0,0.05,0.0,0.0,0.0,0.0,0.0,0.0,0.03,0.0,0.0,0.0,0.0,0.0,0.0,0.06,0.07,0.0,0.0,0.0,0.0,0.0,0.01,0.0,0.0,0.01,0.0,0.0,0.0,0.0,0.0,0.0,0.0,0.0,0.0,0.0,0.0,0.0,0.03,0.08,0.0,0.0,0.0,0.0,0.0,0.0,0.09,0.0,0.0,0.0,0.0,0.0,0.0,0.0,0.02,0.32,0.15,0.0,0.0,0.0,0.29,0.0,0.0,0.0,0.07,0.0,0.0,0.0,0.0,0.23,0.0,0.01,0.0,0.0,0.0,0.23,0.0,0.0,0.0,0.33
10296091005932,2356326707645958528,0,84820145741731200,14.5742434,-19.3159771,0.035940085563539,296,3,2,1,0.0,0.0,0.0,0.0,0.01,0.0,0.0,0.0,0.0,0.73,0.0,0.0,0.0,0.0,0.0,0.0,0.0,0.0,0.0,0.0,0.0,0.0,0.01,0.58,0.25,0.0,0.0,0.0,0.0,0.0,0.0,0.0,0.0,0.0,0.0,0.0,0.0,0.0,0.0,0.0,0.0,0.0,0.0,0.0,0.0,0.0,0.03,0.08,0.0,0.0,0.0,0.0,0.0,0.0,0.05,0.0,0.0,0.0,0.0,0.0,0.01,0.01,0.03,0.1,0.14,0.0,0.0,0.0,0.29,0.0,0.0,0.0,0.07,0.0,0.0,0.0,0.0,0.23,0.0,0.0,0.0,0.0,0.0,0.23,0.0,0.0,0.0,0.33
10296272038494,0,158018201351038624,86200150808716816,15.080795200000011,-18.1612579,0.0232356517507048,296,7,4,2,0.0,0.0,0.0,0.0,0.01,0.0,0.0,0.0,0.0,0.01,0.0,0.0,0.0,0.0,0.0,0.0,0.01,0.01,0.0,0.0,0.0,0.0,0.01,0.04,0.06,0.0,0.0,0.0,0.0,0.04,0.0,0.0,0.0,0.0,0.02,0.0,0.0,0.0,0.0,0.0,0.0,0.0,0.0,0.0,0.0,0.0,0.03,0.08,0.0,0.0,0.0,0.0,0.0,0.0,0.03,0.0,0.0,0.0,0.0,0.0,0.0,0.01,0.03,0.13,0.14,0.0,0.0,0.0,0.29,0.0,0.0,0.0,0.07,0.0,0.0,0.0,0.0,0.23,0.0,0.01,0.0,0.0,0.0,0.23,0.0,0.0,0.0,0.33
10296472000561,0,125016701351054064,88620130992804272,13.099095299999988,-16.1468189,0.0359662251497405,296,12,4,2,0.0,0.0,0.0,0.0,0.01,0.0,0.0,0.01,0.0,0.01,0.0,0.0,0.0,0.0,0.0,0.0,0.01,0.01,0.0,0.0,0.0,0.0,0.0,0.04,0.02,0.0,0.0,0.0,0.0,0.01,0.0,0.0,0.0,0.0,0.04,0.0,0.0,0.0,0.0,0.0,0.0,0.0,0.0,0.0,0.0,0.0,0.03,0.08,0.0,0.0,0.0,0.0,0.0,0.0,0.02,0.0,0.0,0.0,0.0,0.0,0.0,0.02,0.03,0.12,0.14,0.0,0.0,0.0,0.29,0.0,0.0,0.0,0.07,0.0,0.0,0.0,0.0,0.23,0.0,0.01,0.0,0.0,0.0,0.23,0.0,0.0,0.0,0.33
10296282013480,0,0,86800133497033776,13.349705,-17.6638351,0.0623548199142576,296,8,1,2,0.0,0.0,0.0,0.0,0.02,0.0,0.0,0.0,0.0,0.1,0.0,0.0,0.0,0.0,0.0,0.0,0.01,0.0,0.0,0.0,0.0,0.0,0.01,0.02,0.04,0.0,0.0,0.0,0.0,0.01,0.0,0.0,0.0,0.0,0.06,0.0,0.0,0.0,0.0,0.0,0.0,0.0,0.0,0.0,0.0,0.0,0.03,0.08,0.0,0.0,0.0,0.0,0.0,0.0,0.05,0.0,0.0,0.0,0.0,0.0,0.0,0.01,0.04,0.07,0.08,0.0,0.0,0.0,0.29,0.0,0.0,0.0,0.07,0.0,0.0,0.0,0.0,0.22,0.0,0.01,0.0,0.0,0.0,0.23,0.0,0.0,0.0,0.33
10296633003683,2372424627324742912,140015201351043072,90290136531660288,13.653235999999993,-14.7584019,0.0253560782981196,296,16,4,3,0.0,0.0,0.0,0.0,0.0,0.0,0.0,0.0,0.0,0.96,0.0,0.0,0.0,0.0,0.0,0.0,0.0,0.0,0.0,0.0,0.0,0.0,0.0,1.0,1.0,0.0,0.0,0.0,0.0,0.0,0.0,0.0,0.0,0.0,0.01,0.0,0.0,0.0,0.0,0.01,0.01,0.01,0.0,0.0,0.0,0.0,0.03,0.08,0.0,0.0,0.0,0.0,0.0,0.0,0.34,0.01,0.0,0.01,0.0,0.0,0.0,0.0,0.02,0.69,0.68,0.02,0.0,0.0,0.29,0.0,0.0,0.0,0.07,0.0,0.0,0.0,0.0,0.22,0.0,0.0,0.0,0.0,0.0,0.23,0.0,0.0,0.0,0.33
10296253001782,2357603515524535552,141016701351005504,87160141574274096,14.15746039999999,-17.3636567,0.0253673374074998,296,7,2,3,0.0,0.0,0.0,0.0,0.0,0.0,0.0,0.0,0.0,0.98,0.0,0.0,0.0,0.0,0.0,0.0,0.0,0.0,0.0,0.0,0.0,0.0,0.0,0.93,1.0,0.0,0.0,0.0,0.0,0.0,0.0,0.0,0.0,0.01,0.0,0.0,0.0,0.0,0.0,0.0,0.0,0.0,0.0,0.0,0.0,0.0,0.03,0.08,0.0,0.0,0.0,0.0,0.0,0.0,0.55,0.0,0.0,0.0,0.0,0.0,0.0,0.0,0.03,0.74,0.55,0.0,0.0,0.0,0.29,0.0,0.0,0.0,0.07,0.0,0.0,0.0,0.0,0.22,0.0,0.0,0.0,0.0,0.0,0.23,0.01,0.0,0.0,0.33
10296142003989,2356523520227763968,0,83540127782614192,12.778326099999989,-20.3801311,0.1295178002939412,296,4,3,2,0.0,0.0,0.0,0.0,0.01,0.0,0.0,0.0,0.0,0.17,0.0,0.0,0.0,0.0,0.01,0.0,0.0,0.0,0.0,0.0,0.0,0.0,0.0,0.03,0.02,0.0,0.0,0.0,0.0,0.01,0.0,0.0,0.0,0.0,0.02,0.0,0.0,0.0,0.0,0.0,0.0,0.0,0.0,0.0,0.0,0.0,0.03,0.08,0.0,0.01,0.01,0.0,0.0,0.0,0.03,0.0,0.0,0.0,0.0,0.0,0.01,0.01,0.03,0.1,0.08,0.0,0.0,0.0,0.29,0.0,0.0,0.0,0.07,0.0,0.0,0.0,0.0,0.23,0.01,0.01,0.0,0.0,0.0,0.23,0.0,0.0,0.0,0.33
10296472012442,0,0,88130137285815520,13.7286498,-16.5541042,0.0330293521278335,296,12,4,2,0.0,0.0,0.0,0.0,0.0,0.0,0.0,0.0,0.0,0.97,0.0,0.0,0.0,0.0,0.0,0.0,0.0,0.0,0.0,0.0,0.0,0.0,0.01,0.87,0.82,0.0,0.0,0.0,0.0,0.0,0.0,0.0,0.0,0.0,0.03,0.0,0.0,0.0,0.0,0.0,0.0,0.0,0.0,0.0,0.0,0.0,0.03,0.08,0.0,0.0,0.14,0.0,0.0,0.0,0.06,0.0,0.0,0.05,0.0,0.0,0.01,0.01,0.03,0.04,0.06,0.0,0.0,0.0,0.29,0.0,0.12,0.0,0.07,0.01,0.0,0.0,0.0,0.23,0.0,0.01,0.0,0.0,0.0,0.23,0.0,0.0,0.0,0.33
10296493016305,2456119143193890048,186013701351030112,91560182978837040,18.2978277,-13.6944277,0.1878153415928664,296,13,2,3,0.0,0.0,0.0,0.0,0.02,0.0,0.0,0.0,0.0,0.89,0.0,0.0,0.0,0.0,0.0,0.0,0.0,0.0,0.0,0.0,0.0,0.0,0.01,1.0,1.0,0.0,0.0,0.0,0.0,0.0,0.0,0.0,0.0,0.01,0.01,0.0,0.01,0.0,0.0,0.03,0.01,0.0,0.0,0.0,0.0,0.0,0.03,0.08,0.0,0.0,0.0,0.0,0.0,0.0,0.71,0.0,0.0,0.0,0.0,0.0,0.0,0.01,0.03,0.97,0.98,0.02,0.0,0.0,0.29,0.0,0.0,0.0,0.07,0.0,0.0,0.0,0.0,0.22,0.01,0.0,0.0,0.0,0.0,0.23,0.0,0.0,0.0,0.33
10296311002011,0,142018201351013568,85930135304772064,13.530474300000009,-18.3902055,0.0994230493623413,296,8,4,1,0.0,0.0,0.0,0.0,0.01,0.0,0.0,0.0,0.0,0.52,0.0,0.0,0.0,0.0,0.0,0.0,0.0,0.0,0.0,0.0,0.0,0.0,0.01,0.42,0.3,0.0,0.0,0.0,0.0,0.01,0.0,0.0,0.0,0.0,0.02,0.0,0.0,0.0,0.0,0.0,0.0,0.0,0.0,0.0,0.0,0.0,0.03,0.08,0.0,0.0,0.0,0.0,0.0,0.0,0.06,0.0,0.0,0.01,0.0,0.0,0.02,0.01,0.03,0.08,0.06,0.0,0.0,0.0,0.29,0.0,0.0,0.0,0.07,0.01,0.0,0.0,0.0,0.23,0.01,0.01,0.0,0.0,0.0,0.23,0.0,0.0,0.0,0.33
10296162004575,2355334535841260160,190018201351060032,86850190585978048,19.0586428,-17.618552,637.1683346152378,296,5,1,2,0.02,0.0,0.0,0.03,0.0,0.0,0.0,0.01,0.0,0.61,0.0,0.0,0.03,0.0,0.0,0.0,0.03,0.02,0.0,0.0,0.0,0.0,0.0,0.98,0.87,0.0,0.0,0.0,0.0,0.01,0.0,0.0,0.0,0.01,0.01,0.0,0.0,0.0,0.48,0.01,0.0,0.01,0.0,0.0,0.0,0.0,0.03,0.08,0.0,0.03,0.0,0.0,0.0,0.0,0.26,0.0,0.0,0.0,0.0,0.0,0.03,0.03,0.04,0.94,0.54,0.01,0.0,0.0,0.29,0.01,0.0,0.0,0.07,0.0,0.0,0.0,0.01,0.24,0.01,0.03,0.0,0.0,0.0,0.23,0.0,0.01,0.0,0.33
10296332000029,0,172015201351026912,89710179705849520,17.97042730000001,-15.2340441,0.0790576688873124,296,9,2,2,0.0,0.0,0.0,0.0,0.0,0.0,0.0,0.0,0.0,0.08,0.0,0.0,0.0,0.0,0.06,0.0,0.0,0.01,0.0,0.01,0.0,0.0,0.0,0.55,0.12,0.0,0.0,0.0,0.0,0.01,0.0,0.0,0.0,0.0,0.0,0.0,0.0,0.0,0.0,0.0,0.0,0.0,0.0,0.0,0.0,0.0,0.03,0.08,0.0,0.0,0.02,0.02,0.0,0.0,0.2,0.0,0.0,0.0,0.0,0.0,0.08,0.03,0.03,0.76,0.5,0.0,0.0,0.01,0.29,0.0,0.0,0.0,0.31,0.0,0.0,0.0,0.05,0.23,0.0,0.13,0.0,0.0,0.02,0.23,0.0,0.0,0.0,0.33
10296561018331,2373028431006093312,155013701351040992,92000149780744640,14.97809319999999,-13.3297955,0.0349458766648821,296,15,1,1,0.0,0.0,0.0,0.0,0.04,0.0,0.0,0.0,0.0,0.65,0.0,0.0,0.0,0.0,0.0,0.0,0.0,0.0,0.0,0.0,0.0,0.0,0.06,1.0,0.95,0.0,0.0,0.0,0.0,0.0,0.0,0.0,0.0,0.0,0.0,0.0,0.0,0.0,0.0,0.0,0.0,0.01,0.0,0.0,0.0,0.0,0.04,0.08,0.0,0.0,0.0,0.0,0.0,0.0,0.44,0.0,0.0,0.08,0.0,0.0,0.47,0.02,0.03,0.67,0.46,0.0,0.0,0.0,0.29,0.0,0.46,0.0,0.08,0.0,0.0,0.0,0.0,0.25,0.0,0.01,0.0,0.0,0.02,0.23,0.0,0.0,0.0,0.33
10296392037084,0,0,88190168016806816,16.801517999999987,-16.503011,0.3664883724532177,296,10,4,2,0.0,0.0,0.0,0.0,0.0,0.0,0.0,0.01,0.0,0.02,0.0,0.0,0.0,0.0,0.0,0.0,0.0,0.0,0.0,0.0,0.0,0.0,0.0,0.01,0.01,0.0,0.0,0.0,0.0,0.0,0.0,0.0,0.0,0.0,0.01,0.0,0.0,0.0,0.0,0.0,0.0,0.0,0.0,0.0,0.0,0.0,0.03,0.08,0.0,0.0,0.0,0.0,0.0,0.0,0.01,0.0,0.0,0.0,0.0,0.0,0.0,0.0,0.03,0.05,0.06,0.0,0.0,0.0,0.29,0.0,0.0,0.0,0.07,0.0,0.0,0.0,0.0,0.23,0.0,0.0,0.0,0.0,0.0,0.23,0.0,0.0,0.0,0.33
